country,site_count,inscribed_2007,inscribed_2008,inscribed_2009,inscribed_2010,inscribed_2011,inscribed_2012,inscribed_2013,inscribed_2014,inscribed_2015,inscribed_2016,inscribed_2017,inscribed_2018,country_code,indicator_name,indicator_code,arrivals_2007,arrivals_2008,arrivals_2009,arrivals_2010,arrivals_2011,arrivals_2012,arrivals_2013,arrivals_2014,arrivals_2015,arrivals_2016,arrivals_2017,arrivals_2018,total_arrivals
Aruba,0,0,0,0,0,0,0,0,0,0,0,0,0,ABW,"International tourism, number of arrivals",ST.INT.ARVL,772000.0,827000.0,813000.0,824000.0,869000.0,904000.0,979000.0,1072000.0,1225000.0,1102000.0,1070500.0,1082000.0,11539500.0
Afghanistan,2.0,0.0,0.0,0.0,0.0,0.0,0.0,0.0,0.0,0.0,0.0,0.0,0.0,AFG,"International tourism, number of arrivals",ST.INT.ARVL,0.0,0.0,0.0,0.0,0.0,0.0,0.0,0.0,0.0,0.0,0.0,0.0,0.0
Angola,1.0,0.0,0.0,0.0,0.0,0.0,0.0,0.0,0.0,0.0,0.0,1.0,0.0,AGO,"International tourism, number of arrivals",ST.INT.ARVL,195000.0,294000.0,366000.0,425000.0,481000.0,528000.0,650000.0,595000.0,592000.0,397000.0,261000.0,218000.0,5002000.0
Albania,4.0,1.0,0.0,0.0,0.0,0.0,0.0,0.0,0.0,0.0,0.0,0.0,0.0,ALB,"International tourism, number of arrivals",ST.INT.ARVL,1062000.0,1247000.0,1711000.0,2191000.0,2469000.0,3156000.0,2857000.0,3341000.0,3784000.0,4070000.0,4643000.0,5340000.0,35871000.0
Andorra,1.0,0.0,0.0,0.0,0.0,0.0,0.0,0.0,0.0,0.0,0.0,0.0,0.0,AND,"International tourism, number of arrivals",ST.INT.ARVL,2189000.0,2059000.0,1830000.0,1808000.0,2242000.0,2238000.0,2328000.0,2363000.0,2663000.0,2819000.0,3003000.0,3042000.0,28584000.0
United Arab Emirates,1.0,0.0,0.0,0.0,0.0,1.0,0.0,0.0,0.0,0.0,0.0,0.0,0.0,ARE,"International tourism, number of arrivals",ST.INT.ARVL,0.0,0.0,0.0,0.0,0.0,0.0,0.0,16232000.0,17472000.0,18967000.0,20394000.0,21286000.0,94351000.0
Argentina,12.0,0.0,0.0,0.0,0.0,0.0,0.0,0.0,1.0,0.0,1.0,1.0,0.0,ARG,"International tourism, number of arrivals",ST.INT.ARVL,4562000.0,4700000.0,4308000.0,6800000.0,6703000.0,6497000.0,6510000.0,7165000.0,6816000.0,6668000.0,6711000.0,6942000.0,74382000.0
Armenia,3.0,0.0,0.0,0.0,0.0,0.0,0.0,0.0,0.0,0.0,0.0,0.0,0.0,ARM,"International tourism, number of arrivals",ST.INT.ARVL,511000.0,558000.0,575000.0,684000.0,758000.0,963000.0,1084000.0,1204000.0,1192000.0,1260000.0,1495000.0,1652000.0,11936000.0
American Samoa,0,0,0,0,0,0,0,0,0,0,0,0,0,ASM,"International tourism, number of arrivals",ST.INT.ARVL,24100.0,24300.0,23500.0,23100.0,22600.0,22600.0,20800.0,21600.0,20300.0,20100.0,20000.0,20200.0,263200.0
Antigua and Barbuda,1.0,0.0,0.0,0.0,0.0,0.0,0.0,0.0,0.0,0.0,1.0,0.0,0.0,ATG,"International tourism, number of arrivals",ST.INT.ARVL,262000.0,266000.0,234000.0,230000.0,241000.0,247000.0,243000.0,249000.0,250000.0,265000.0,247000.0,269000.0,3003000.0
Australia,20.0,1.0,0.0,0.0,1.0,1.0,0.0,0.0,0.0,0.0,0.0,0.0,0.0,AUS,"International tourism, number of arrivals",ST.INT.ARVL,5644000.0,5586000.0,5490000.0,5790000.0,5771000.0,6032000.0,6482000.0,6922000.0,7449000.0,8269000.0,8815000.0,9246000.0,81496000.0
Austria,12.0,1.0,0.0,0.0,0.0,1.0,0.0,0.0,0.0,0.0,0.0,0.0,0.0,AUT,"International tourism, number of arrivals",ST.INT.ARVL,20773000.0,21935000.0,21355000.0,22004000.0,23012000.0,24151000.0,24813000.0,25291000.0,26728000.0,28121000.0,29460000.0,30816000.0,298459000.0
Azerbaijan,5.0,1.0,0.0,0.0,0.0,0.0,0.0,0.0,0.0,0.0,0.0,0.0,0.0,AZE,"International tourism, number of arrivals",ST.INT.ARVL,732000.0,1043000.0,1005000.0,1280000.0,1562000.0,1986000.0,2130000.0,2160000.0,1922000.0,2044000.0,2454000.0,2633000.0,20951000.0
Burundi,0,0,0,0,0,0,0,0,0,0,0,0,0,BDI,"International tourism, number of arrivals",ST.INT.ARVL,192000.0,202000.0,212000.0,142000.0,144000.0,147000.0,234000.0,235000.0,131000.0,187000.0,299000.0,0.0,2125000.0
Belgium,16.0,1.0,0.0,1.0,0.0,0.0,1.0,0.0,0.0,0.0,1.0,0.0,0.0,BEL,"International tourism, number of arrivals",ST.INT.ARVL,7045000.0,7165000.0,6815000.0,7186000.0,7494000.0,7560000.0,7684000.0,7887000.0,8355000.0,7481000.0,8385000.0,9119000.0,92176000.0
Benin,3.0,0.0,0.0,0.0,0.0,0.0,0.0,0.0,0.0,0.0,0.0,0.0,0.0,BEN,"International tourism, number of arrivals",ST.INT.ARVL,186000.0,188000.0,190000.0,199000.0,209000.0,220000.0,231000.0,242000.0,255000.0,267000.0,281000.0,295000.0,2763000.0
Burkina Faso,3.0,0.0,0.0,1.0,0.0,0.0,0.0,0.0,0.0,0.0,0.0,0.0,0.0,BFA,"International tourism, number of arrivals",ST.INT.ARVL,289000.0,272000.0,269000.0,274000.0,238000.0,237000.0,218000.0,191000.0,163000.0,152000.0,143000.0,144000.0,2590000.0
Bangladesh,3.0,0.0,0.0,0.0,0.0,0.0,0.0,0.0,0.0,0.0,0.0,0.0,0.0,BGD,"International tourism, number of arrivals",ST.INT.ARVL,289000.0,467000.0,267000.0,303000.0,155000.0,125000.0,148000.0,125000.0,643000.0,830000.0,1026000.0,0.0,4378000.0
Bulgaria,10.0,1.0,0.0,0.0,0.0,0.0,0.0,0.0,0.0,0.0,0.0,0.0,0.0,BGR,"International tourism, number of arrivals",ST.INT.ARVL,5151000.0,5780000.0,5739000.0,6047000.0,6328000.0,6541000.0,6898000.0,7311000.0,7099000.0,8252000.0,8883000.0,9273000.0,83302000.0
Bahrain,3.0,0.0,0.0,0.0,0.0,0.0,1.0,0.0,0.0,0.0,0.0,0.0,0.0,BHR,"International tourism, number of arrivals",ST.INT.ARVL,7833000.0,8631000.0,8861000.0,11952000.0,6732000.0,8062000.0,9163000.0,10452000.0,9670000.0,10158000.0,11374000.0,12045000.0,114933000.0
"Bahamas, The",0,0,0,0,0,0,0,0,0,0,0,0,0,BHS,"International tourism, number of arrivals",ST.INT.ARVL,1528000.0,1463000.0,1327000.0,1370000.0,1346000.0,1422000.0,1366000.0,1446000.0,1502000.0,1500000.0,1442000.0,1633000.0,17345000.0
Bosnia and Herzegovina,4.0,1.0,0.0,0.0,0.0,0.0,0.0,0.0,0.0,0.0,1.0,0.0,0.0,BIH,"International tourism, number of arrivals",ST.INT.ARVL,306000.0,322000.0,311000.0,365000.0,392000.0,439000.0,529000.0,536000.0,678000.0,778000.0,923000.0,1053000.0,6632000.0
Belarus,4.0,0.0,0.0,0.0,0.0,0.0,0.0,0.0,0.0,0.0,0.0,0.0,0.0,BLR,"International tourism, number of arrivals",ST.INT.ARVL,105000.0,90500.0,95000.0,119300.0,116000.0,6129900.0,6241800.0,5374900.0,4385600.0,10935400.0,11060200.0,11501600.0,56155200.0
Belize,1.0,0.0,0.0,0.0,0.0,0.0,0.0,0.0,0.0,0.0,0.0,0.0,0.0,BLZ,"International tourism, number of arrivals",ST.INT.ARVL,251000.0,245000.0,232000.0,242000.0,250000.0,277000.0,294000.0,321000.0,341000.0,386000.0,427000.0,489000.0,3755000.0
Bermuda,0,0,0,0,0,0,0,0,0,0,0,0,0,BMU,"International tourism, number of arrivals",ST.INT.ARVL,306000.0,264000.0,236000.0,232000.0,236000.0,232000.0,236000.0,224000.0,220000.0,244000.0,270000.0,282000.0,2982000.0
Bolivia,7.0,0.0,0.0,0.0,0.0,0.0,0.0,0.0,1.0,0.0,0.0,0.0,0.0,BOL,"International tourism, number of arrivals",ST.INT.ARVL,573000.0,594000.0,599000.0,679000.0,711000.0,798000.0,798000.0,871000.0,882000.0,961000.0,1109000.0,1142000.0,9717000.0
Brazil,23.0,0.0,0.0,0.0,1.0,0.0,1.0,0.0,0.0,0.0,1.0,1.0,0.0,BRA,"International tourism, number of arrivals",ST.INT.ARVL,5026000.0,5050000.0,4802000.0,5161000.0,5433000.0,5677000.0,5813000.0,6430000.0,6306000.0,6547000.0,6589000.0,6621000.0,69455000.0
Barbados,1.0,0.0,0.0,0.0,0.0,1.0,0.0,0.0,0.0,0.0,0.0,0.0,0.0,BRB,"International tourism, number of arrivals",ST.INT.ARVL,575000.0,568000.0,519000.0,532000.0,568000.0,536000.0,509000.0,521000.0,592000.0,632000.0,664000.0,680000.0,6896000.0
Brunei Darussalam,0,0,0,0,0,0,0,0,0,0,0,0,0,BRN,"International tourism, number of arrivals",ST.INT.ARVL,179000.0,226000.0,157000.0,214000.0,242000.0,209000.0,225000.0,201000.0,218000.0,219000.0,259000.0,278000.0,2627000.0
Bhutan,0,0,0,0,0,0,0,0,0,0,0,0,0,BTN,"International tourism, number of arrivals",ST.INT.ARVL,21000.0,28000.0,23000.0,41000.0,66000.0,105000.0,116000.0,133000.0,155000.0,210000.0,255000.0,274000.0,1427000.0
Botswana,2.0,0.0,0.0,0.0,0.0,0.0,0.0,0.0,1.0,0.0,0.0,0.0,0.0,BWA,"International tourism, number of arrivals",ST.INT.ARVL,1736000.0,2101000.0,1721000.0,1973000.0,0.0,1614000.0,1544000.0,1966000.0,1528000.0,1574000.0,1623000.0,0.0,17380000.0
Canada,22.0,1.0,1.0,0.0,0.0,0.0,1.0,1.0,0.0,0.0,1.0,0.0,1.0,CAN,"International tourism, number of arrivals",ST.INT.ARVL,17935000.0,17142000.0,15737000.0,16219000.0,16014000.0,16344000.0,16059000.0,16537000.0,17971000.0,19971000.0,20883000.0,21134000.0,211946000.0
Switzerland,13.0,1.0,1.0,1.0,0.0,1.0,0.0,0.0,0.0,0.0,1.0,0.0,0.0,CHE,"International tourism, number of arrivals",ST.INT.ARVL,8448000.0,8608000.0,8294000.0,8628000.0,8534000.0,8566000.0,8967000.0,9158000.0,9305000.0,9205000.0,9889000.0,10362000.0,107964000.0
Channel Islands,0,0,0,0,0,0,0,0,0,0,0,0,0,CHI,"International tourism, number of arrivals",ST.INT.ARVL,0.0,0.0,0.0,0.0,0.0,0.0,0.0,0.0,0.0,0.0,0.0,0.0,0.0
Chile,7.0,0.0,0.0,0.0,0.0,0.0,0.0,0.0,1.0,0.0,0.0,0.0,0.0,CHL,"International tourism, number of arrivals",ST.INT.ARVL,2507000.0,2710000.0,2760000.0,2801000.0,3137000.0,3554000.0,3576000.0,3674000.0,4478000.0,5641000.0,6450000.0,5723000.0,47011000.0
China,57.0,1.0,1.0,1.0,1.0,1.0,1.0,1.0,1.0,1.0,1.0,1.0,1.0,CHN,"International tourism, number of arrivals",ST.INT.ARVL,54720000.0,53049000.0,50875000.0,55664000.0,57581000.0,57725000.0,55686000.0,55622000.0,56886000.0,59270000.0,60740000.0,62900000.0,680718000.0
Cote d'Ivoire,0,0,0,0,0,0,0,0,0,0,0,0,0,CIV,"International tourism, number of arrivals",ST.INT.ARVL,182000.0,205000.0,231000.0,252000.0,270000.0,289000.0,380000.0,471000.0,1441000.0,1583000.0,1800000.0,1965000.0,9069000.0
Cameroon,2.0,0.0,0.0,0.0,0.0,0.0,1.0,0.0,0.0,0.0,0.0,0.0,0.0,CMR,"International tourism, number of arrivals",ST.INT.ARVL,477000.0,487000.0,498000.0,573000.0,604000.0,817000.0,783000.0,822000.0,897000.0,994000.0,1081000.0,0.0,8033000.0
"Congo, Dem. Rep.",2.0,0.0,0.0,0.0,0.0,0.0,1.0,0.0,0.0,0.0,0.0,0.0,0.0,COD,"International tourism, number of arrivals",ST.INT.ARVL,47000.0,50000.0,53000.0,81000.0,186000.0,167000.0,191000.0,334000.0,354000.0,351000.0,0.0,0.0,1814000.0
"Congo, Rep.",0,0,0,0,0,0,0,0,0,0,0,0,0,COG,"International tourism, number of arrivals",ST.INT.ARVL,55000.0,62000.0,94000.0,194000.0,218000.0,256000.0,343000.0,226000.0,220000.0,211000.0,149000.0,156000.0,2184000.0
Colombia,9.0,0.0,0.0,0.0,0.0,1.0,0.0,0.0,1.0,0.0,0.0,0.0,1.0,COL,"International tourism, number of arrivals",ST.INT.ARVL,2254000.0,2317000.0,2364000.0,1405000.0,2042000.0,2179000.0,2288000.0,2552000.0,2980000.0,3254000.0,3631000.0,3904000.0,31170000.0
Comoros,0,0,0,0,0,0,0,0,0,0,0,0,0,COM,"International tourism, number of arrivals",ST.INT.ARVL,15200.0,14800.0,11300.0,15300.0,18800.0,22800.0,21900.0,22800.0,23600.0,26800.0,28000.0,35900.0,257200.0
Cabo Verde,1.0,0.0,0.0,1.0,0.0,0.0,0.0,0.0,0.0,0.0,0.0,0.0,0.0,CPV,"International tourism, number of arrivals",ST.INT.ARVL,267000.0,285000.0,287000.0,336000.0,428000.0,482000.0,503000.0,494000.0,520000.0,598000.0,668000.0,710000.0,5578000.0
Costa Rica,4.0,0.0,0.0,0.0,0.0,0.0,0.0,0.0,1.0,0.0,0.0,0.0,0.0,CRI,"International tourism, number of arrivals",ST.INT.ARVL,1980000.0,2089000.0,1923000.0,2100000.0,2192000.0,2343000.0,2428000.0,2527000.0,2660000.0,2925000.0,2960000.0,3017000.0,29144000.0
Cuba,9.0,0.0,1.0,0.0,0.0,0.0,0.0,0.0,0.0,0.0,0.0,0.0,0.0,CUB,"International tourism, number of arrivals",ST.INT.ARVL,2119000.0,2316000.0,2405000.0,2507000.0,2688000.0,2823000.0,2839000.0,2981000.0,3506000.0,3975000.0,4594000.0,4684000.0,37437000.0
Curacao,0,0,0,0,0,0,0,0,0,0,0,0,0,CUW,"International tourism, number of arrivals",ST.INT.ARVL,300000.0,409000.0,367000.0,342000.0,390000.0,421000.0,441000.0,452000.0,468000.0,441000.0,399000.0,432000.0,4862000.0
Cayman Islands,0,0,0,0,0,0,0,0,0,0,0,0,0,CYM,"International tourism, number of arrivals",ST.INT.ARVL,292000.0,303000.0,272000.0,288000.0,309000.0,322000.0,345000.0,383000.0,385000.0,385000.0,418000.0,463000.0,4165000.0
Cyprus,3.0,0.0,0.0,0.0,0.0,0.0,0.0,0.0,0.0,0.0,0.0,0.0,0.0,CYP,"International tourism, number of arrivals",ST.INT.ARVL,2416000.0,2404000.0,2141000.0,2173000.0,2392000.0,2465000.0,2405000.0,2441000.0,2659000.0,3187000.0,3652000.0,3939000.0,32274000.0
Czech Republic,17.0,1.0,0.0,0.0,0.0,0.0,0.0,0.0,0.0,0.0,0.0,0.0,0.0,CZE,"International tourism, number of arrivals",ST.INT.ARVL,6680000.0,6649000.0,6032000.0,6334000.0,6715000.0,7647000.0,7852000.0,8096000.0,8707000.0,9321000.0,10160000.0,10611000.0,94804000.0
Germany,52.0,1.0,1.0,1.0,0.0,1.0,1.0,1.0,1.0,1.0,1.0,1.0,1.0,DEU,"International tourism, number of arrivals",ST.INT.ARVL,24421000.0,24884000.0,24220000.0,26875000.0,28374000.0,30411000.0,31545000.0,32999000.0,34970000.0,35555000.0,37452000.0,38881000.0,370587000.0
Djibouti,0,0,0,0,0,0,0,0,0,0,0,0,0,DJI,"International tourism, number of arrivals",ST.INT.ARVL,40000.0,54000.0,58000.0,51000.0,56000.0,60000.0,63000.0,0.0,0.0,0.0,0.0,0.0,382000.0
Dominica,1.0,0.0,0.0,0.0,0.0,0.0,0.0,0.0,0.0,0.0,0.0,0.0,0.0,DMA,"International tourism, number of arrivals",ST.INT.ARVL,81000.0,81000.0,75000.0,77000.0,76000.0,79000.0,78000.0,81500.0,75000.0,78000.0,72000.0,63000.0,916500.0
Denmark,11.0,0.0,0.0,1.0,0.0,0.0,0.0,0.0,1.0,1.0,0.0,1.0,1.0,DNK,"International tourism, number of arrivals",ST.INT.ARVL,9832000.0,9564000.0,9265000.0,9425000.0,8471000.0,8443000.0,8557000.0,10267000.0,10424000.0,10781000.0,12426000.0,12749000.0,120204000.0
Dominican Republic,1.0,0.0,0.0,0.0,0.0,0.0,0.0,0.0,0.0,0.0,0.0,0.0,0.0,DOM,"International tourism, number of arrivals",ST.INT.ARVL,3980000.0,3980000.0,3992000.0,4125000.0,4306000.0,4563000.0,4690000.0,5141400.0,5600000.0,5959300.0,6188000.0,6569000.0,59093700.0
Algeria,7.0,0.0,0.0,0.0,0.0,0.0,0.0,0.0,0.0,0.0,0.0,0.0,0.0,DZA,"International tourism, number of arrivals",ST.INT.ARVL,1743000.0,1772000.0,1912000.0,2070000.0,2395000.0,2634000.0,2733000.0,2301000.0,1710000.0,2039000.0,2451000.0,2657000.0,26417000.0
Ecuador,5.0,0.0,0.0,0.0,0.0,0.0,0.0,0.0,1.0,0.0,0.0,0.0,0.0,ECU,"International tourism, number of arrivals",ST.INT.ARVL,937000.0,1005000.0,968000.0,1047000.0,1141000.0,1272000.0,1364000.0,1695000.0,1676000.0,1569000.0,1806000.0,2535000.0,17015000.0
"Egypt, Arab Rep.",7.0,0.0,0.0,0.0,0.0,0.0,0.0,0.0,0.0,0.0,0.0,0.0,0.0,EGY,"International tourism, number of arrivals",ST.INT.ARVL,10610000.0,12296000.0,11914000.0,14051000.0,9497000.0,11196000.0,9174000.0,9628300.0,9139000.0,5258000.0,8157000.0,11196000.0,122116300.0
Eritrea,1.0,0.0,0.0,0.0,0.0,0.0,0.0,0.0,0.0,0.0,0.0,1.0,0.0,ERI,"International tourism, number of arrivals",ST.INT.ARVL,81000.0,70000.0,79000.0,84000.0,107000.0,129000.0,141000.0,119000.0,114000.0,142000.0,0.0,0.0,1066000.0
Spain,50.0,1.0,0.0,1.0,0.0,1.0,1.0,0.0,0.0,0.0,1.0,0.0,1.0,ESP,"International tourism, number of arrivals",ST.INT.ARVL,58666000.0,57192000.0,52178000.0,52677000.0,56177000.0,57464000.0,60675000.0,64939000.0,68175000.0,75315000.0,81869000.0,82773000.0,768100000.0
Estonia,2.0,0.0,0.0,0.0,0.0,0.0,0.0,0.0,0.0,0.0,0.0,0.0,0.0,EST,"International tourism, number of arrivals",ST.INT.ARVL,1900000.0,2222000.0,2180000.0,2511000.0,2823000.0,2957000.0,3111000.0,3160000.0,2961000.0,3131000.0,3244000.0,3234000.0,33434000.0
Ethiopia,11.0,0.0,0.0,0.0,0.0,1.0,0.0,0.0,0.0,0.0,0.0,0.0,0.0,ETH,"International tourism, number of arrivals",ST.INT.ARVL,358000.0,383000.0,427000.0,468000.0,523000.0,597000.0,681000.0,770000.0,864000.0,871000.0,933000.0,849000.0,7724000.0
Finland,7.0,0.0,0.0,0.0,0.0,0.0,0.0,0.0,0.0,0.0,0.0,0.0,0.0,FIN,"International tourism, number of arrivals",ST.INT.ARVL,2472000.0,2494000.0,2220000.0,2319000.0,2623000.0,2778000.0,2797000.0,2731000.0,2622000.0,2789000.0,3180000.0,3224000.0,32249000.0
Fiji,1.0,0.0,0.0,0.0,0.0,0.0,0.0,1.0,0.0,0.0,0.0,0.0,0.0,FJI,"International tourism, number of arrivals",ST.INT.ARVL,540000.0,585000.0,542000.0,632000.0,675000.0,661000.0,659000.0,693000.0,755000.0,792000.0,843000.0,870000.0,8247000.0
France,52.0,1.0,1.0,0.0,1.0,1.0,1.0,0.0,1.0,1.0,1.0,1.0,1.0,FRA,"International tourism, number of arrivals",ST.INT.ARVL,80853000.0,79218000.0,76764000.0,76647000.0,80499000.0,81980000.0,83634000.0,83701000.0,84452000.0,82682000.0,86758000.0,89322000.0,986510000.0
Faroe Islands,0,0,0,0,0,0,0,0,0,0,0,0,0,FRO,"International tourism, number of arrivals",ST.INT.ARVL,0.0,0.0,0.0,0.0,0.0,0.0,0.0,0.0,0.0,0.0,0.0,0.0,0.0
"Micronesia, Fed. Sts.",1.0,0.0,0.0,0.0,0.0,0.0,0.0,0.0,0.0,0.0,1.0,0.0,0.0,FSM,"International tourism, number of arrivals",ST.INT.ARVL,21100.0,25700.0,47500.0,44700.0,35400.0,38300.0,42100.0,35400.0,31200.0,29600.0,0.0,19200.0,370200.0
Gabon,2.0,1.0,0.0,0.0,0.0,0.0,0.0,0.0,0.0,0.0,0.0,0.0,0.0,GAB,"International tourism, number of arrivals",ST.INT.ARVL,0.0,0.0,0.0,0.0,0.0,0.0,0.0,0.0,0.0,0.0,0.0,0.0,0.0
United Kingdom,33.0,0.0,0.0,1.0,0.0,0.0,0.0,0.0,0.0,1.0,1.0,1.0,0.0,GBR,"International tourism, number of arrivals",ST.INT.ARVL,30870000.0,30142000.0,28199000.0,28295000.0,29306000.0,29282000.0,31063000.0,32613000.0,34436000.0,35814000.0,37651000.0,36316000.0,383987000.0
Georgia,4.0,0.0,0.0,0.0,0.0,0.0,0.0,0.0,0.0,0.0,0.0,0.0,0.0,GEO,"International tourism, number of arrivals",ST.INT.ARVL,0.0,0.0,0.0,1067000.0,1833000.0,2460000.0,2884000.0,2939000.0,3012000.0,3297000.0,4069400.0,4757000.0,26318400.0
Ghana,2.0,0.0,0.0,0.0,0.0,0.0,0.0,0.0,0.0,0.0,0.0,0.0,0.0,GHA,"International tourism, number of arrivals",ST.INT.ARVL,587000.0,698000.0,803000.0,931000.0,821000.0,903000.0,994000.0,825000.0,897000.0,0.0,0.0,0.0,7459000.0
Gibraltar,0,0,0,0,0,0,0,0,0,0,0,0,0,GIB,"International tourism, number of arrivals",ST.INT.ARVL,0.0,0.0,0.0,0.0,0.0,0.0,0.0,0.0,0.0,0.0,0.0,0.0,0.0
Guinea,1.0,0.0,0.0,0.0,0.0,0.0,0.0,0.0,0.0,0.0,0.0,0.0,0.0,GIN,"International tourism, number of arrivals",ST.INT.ARVL,30000.0,24000.0,0.0,12400.0,131000.0,96000.0,56000.0,33000.0,35000.0,63000.0,99000.0,0.0,579400.0
"Gambia, The",2.0,0.0,0.0,0.0,0.0,0.0,0.0,0.0,0.0,0.0,0.0,0.0,0.0,GMB,"International tourism, number of arrivals",ST.INT.ARVL,143000.0,147000.0,142000.0,91000.0,106000.0,157000.0,171000.0,156000.0,449000.0,450000.0,522000.0,552000.0,3086000.0
Guinea-Bissau,0,0,0,0,0,0,0,0,0,0,0,0,0,GNB,"International tourism, number of arrivals",ST.INT.ARVL,15600.0,18000.0,16000.0,22300.0,36700.0,35400.0,35500.0,36100.0,43800.0,45200.0,0.0,0.0,304600.0
Equatorial Guinea,0,0,0,0,0,0,0,0,0,0,0,0,0,GNQ,"International tourism, number of arrivals",ST.INT.ARVL,0.0,0.0,0.0,0.0,0.0,0.0,0.0,0.0,0.0,0.0,0.0,0.0,0.0
Greece,19.0,1.0,0.0,0.0,0.0,0.0,0.0,0.0,0.0,0.0,1.0,0.0,0.0,GRC,"International tourism, number of arrivals",ST.INT.ARVL,16165000.0,15939000.0,14915000.0,15007000.0,16427000.0,15518000.0,17920000.0,22033000.0,23599000.0,24799000.0,27194000.0,30123000.0,239639000.0
Grenada,0,0,0,0,0,0,0,0,0,0,0,0,0,GRD,"International tourism, number of arrivals",ST.INT.ARVL,130000.0,130000.0,114000.0,110000.0,118000.0,125000.0,128000.0,150000.0,155000.0,156000.0,168000.0,185000.0,1669000.0
Greenland,0,0,0,0,0,0,0,0,0,0,0,0,0,GRL,"International tourism, number of arrivals",ST.INT.ARVL,0.0,0.0,0.0,0.0,0.0,0.0,0.0,0.0,0.0,0.0,0.0,0.0,0.0
Guatemala,4.0,0.0,0.0,0.0,0.0,0.0,0.0,0.0,0.0,0.0,0.0,0.0,0.0,GTM,"International tourism, number of arrivals",ST.INT.ARVL,1448000.0,1527000.0,1054000.0,1119000.0,1160000.0,1200000.0,1224000.0,1371000.0,1473000.0,1585000.0,1660000.0,1781000.0,16602000.0
Guam,0,0,0,0,0,0,0,0,0,0,0,0,0,GUM,"International tourism, number of arrivals",ST.INT.ARVL,1225000.0,1142000.0,1053000.0,1197000.0,1160000.0,1308000.0,1334000.0,1343000.0,1409000.0,1536000.0,1545000.0,1549000.0,15801000.0
Guyana,0,0,0,0,0,0,0,0,0,0,0,0,0,GUY,"International tourism, number of arrivals",ST.INT.ARVL,134000.0,130000.0,141000.0,152000.0,157000.0,177000.0,200000.0,206000.0,207000.0,235000.0,247000.0,287000.0,2273000.0
"Hong Kong SAR, China",0,0,0,0,0,0,0,0,0,0,0,0,0,HKG,"International tourism, number of arrivals",ST.INT.ARVL,17154000.0,17319000.0,16926000.0,20085000.0,22316000.0,23770000.0,25661000.0,27770000.0,26686000.0,26553000.0,27884000.0,29263000.0,281387000.0
Honduras,2.0,0.0,0.0,0.0,0.0,0.0,0.0,0.0,0.0,0.0,0.0,0.0,0.0,HND,"International tourism, number of arrivals",ST.INT.ARVL,804000.0,869000.0,836000.0,863000.0,871000.0,895000.0,863000.0,868000.0,880000.0,838000.0,851000.0,0.0,9438000.0
Croatia,10.0,1.0,1.0,0.0,0.0,0.0,0.0,0.0,0.0,0.0,1.0,1.0,0.0,HRV,"International tourism, number of arrivals",ST.INT.ARVL,8559000.0,8665000.0,8694000.0,9111000.0,9927000.0,10369000.0,10948000.0,11623000.0,12683000.0,13809000.0,15593000.0,16645000.0,136626000.0
Haiti,1.0,0.0,0.0,0.0,0.0,0.0,0.0,0.0,0.0,0.0,0.0,0.0,0.0,HTI,"International tourism, number of arrivals",ST.INT.ARVL,386000.0,258000.0,387000.0,255000.0,349000.0,349000.0,420000.0,465200.0,516000.0,445000.0,467000.0,447000.0,4744200.0
Hungary,8.0,0.0,0.0,0.0,0.0,0.0,0.0,0.0,0.0,0.0,0.0,0.0,0.0,HUN,"International tourism, number of arrivals",ST.INT.ARVL,8638000.0,8814000.0,9058000.0,9510000.0,10250000.0,10353000.0,10624000.0,12140000.0,14316000.0,15255000.0,15785000.0,17552000.0,142295000.0
Indonesia,10.0,0.0,0.0,0.0,0.0,0.0,1.0,0.0,0.0,0.0,0.0,0.0,0.0,IDN,"International tourism, number of arrivals",ST.INT.ARVL,5506000.0,6234000.0,6324000.0,7003000.0,7650000.0,8044000.0,8802000.0,9435000.0,10407000.0,11519000.0,14040000.0,15810000.0,110774000.0
Isle of Man,0,0,0,0,0,0,0,0,0,0,0,0,0,IMN,"International tourism, number of arrivals",ST.INT.ARVL,0.0,0.0,0.0,0.0,0.0,0.0,0.0,0.0,0.0,0.0,0.0,0.0,0.0
India,42.0,1.0,0.0,0.0,1.0,0.0,1.0,1.0,1.0,0.0,1.0,1.0,1.0,IND,"International tourism, number of arrivals",ST.INT.ARVL,5082000.0,5283000.0,5168000.0,5776000.0,6309000.0,6578000.0,6968000.0,13107000.0,13284000.0,14570000.0,15543000.0,17423000.0,115091000.0
Ireland,2.0,0.0,0.0,0.0,0.0,0.0,0.0,0.0,0.0,0.0,0.0,0.0,0.0,IRL,"International tourism, number of arrivals",ST.INT.ARVL,8332000.0,8026000.0,7189000.0,7134000.0,7630000.0,7550000.0,8260000.0,8813000.0,9528000.0,10100000.0,10338000.0,10926000.0,103826000.0
"Iran, Islamic Rep.",27.0,0.0,1.0,1.0,1.0,1.0,1.0,1.0,1.0,1.0,1.0,1.0,1.0,IRN,"International tourism, number of arrivals",ST.INT.ARVL,2219000.0,2034000.0,2116000.0,2938000.0,3354000.0,3834000.0,4769000.0,4968000.0,5237000.0,4942000.0,4867000.0,7295000.0,48573000.0
Iraq,6.0,1.0,0.0,0.0,0.0,0.0,0.0,0.0,1.0,0.0,1.0,0.0,0.0,IRQ,"International tourism, number of arrivals",ST.INT.ARVL,0.0,864000.0,1262000.0,1518000.0,1510000.0,1111000.0,892000.0,0.0,0.0,0.0,0.0,0.0,7157000.0
Iceland,3.0,0.0,1.0,0.0,0.0,0.0,0.0,0.0,0.0,0.0,0.0,0.0,0.0,ISL,"International tourism, number of arrivals",ST.INT.ARVL,485000.0,502000.0,494000.0,489000.0,566000.0,673000.0,807300.0,997000.0,1289000.0,1792000.0,2225000.0,2343800.0,12663100.0
Israel,9.0,0.0,1.0,0.0,0.0,0.0,1.0,0.0,1.0,1.0,0.0,0.0,0.0,ISR,"International tourism, number of arrivals",ST.INT.ARVL,2067000.0,2572000.0,2321000.0,2803000.0,2820000.0,2886000.0,2962000.0,2927000.0,2799000.0,2900000.0,3613000.0,4121000.0,34791000.0
Italy,59.0,1.0,1.0,1.0,0.0,1.0,0.0,1.0,1.0,1.0,0.0,1.0,1.0,ITA,"International tourism, number of arrivals",ST.INT.ARVL,43654000.0,42734000.0,43239000.0,43626000.0,46119000.0,46360000.0,47704000.0,48576000.0,50732000.0,52372000.0,58253000.0,61567200.0,584936200.0
Jamaica,1.0,0.0,0.0,0.0,0.0,0.0,0.0,0.0,0.0,1.0,0.0,0.0,0.0,JAM,"International tourism, number of arrivals",ST.INT.ARVL,1701000.0,1767000.0,1831000.0,1922000.0,1952000.0,1986000.0,2008400.0,2080000.0,2123000.0,2182000.0,2353000.0,2473000.0,24378400.0
Jordan,6.0,0.0,0.0,0.0,0.0,1.0,0.0,0.0,0.0,1.0,0.0,0.0,0.0,JOR,"International tourism, number of arrivals",ST.INT.ARVL,3431000.0,3729000.0,3789000.0,4207000.0,3960000.0,4162000.0,3945000.0,3990000.0,3761000.0,3567000.0,3843500.0,4150000.0,46534500.0
Japan,25.0,1.0,0.0,0.0,0.0,1.0,0.0,1.0,1.0,1.0,1.0,1.0,1.0,JPN,"International tourism, number of arrivals",ST.INT.ARVL,8347000.0,8351000.0,6790000.0,8611000.0,6219000.0,8358000.0,10364000.0,13413000.0,19737000.0,24040000.0,28691000.0,31192000.0,174113000.0
Kazakhstan,6.0,0.0,1.0,0.0,0.0,0.0,0.0,0.0,1.0,0.0,1.0,0.0,0.0,KAZ,"International tourism, number of arrivals",ST.INT.ARVL,5311000.0,4117000.0,3774000.0,4097000.0,5685000.0,6163000.0,6841000.0,6333000.0,6430000.0,6509000.0,7701000.0,8789000.0,71750000.0
Kenya,7.0,0.0,1.0,0.0,0.0,1.0,0.0,0.0,0.0,0.0,0.0,0.0,1.0,KEN,"International tourism, number of arrivals",ST.INT.ARVL,1686000.0,1141000.0,1392000.0,1470000.0,1750000.0,1619000.0,1434000.0,1261000.0,1114000.0,1268000.0,1364000.0,0.0,15499000.0
Kyrgyz Republic,3.0,0.0,0.0,1.0,0.0,0.0,0.0,0.0,1.0,0.0,1.0,0.0,0.0,KGZ,"International tourism, number of arrivals",ST.INT.ARVL,243000.0,304000.0,283000.0,259000.0,337000.0,348000.0,415000.0,413000.0,402000.0,321000.0,421000.0,423000.0,4169000.0
Cambodia,4.0,0.0,1.0,0.0,0.0,0.0,0.0,0.0,0.0,0.0,0.0,1.0,0.0,KHM,"International tourism, number of arrivals",ST.INT.ARVL,2015000.0,2125000.0,2162000.0,2508000.0,2882000.0,3584000.0,4210000.0,4503000.0,4775000.0,5012000.0,5602000.0,6201000.0,45579000.0
Kiribati,1.0,0.0,0.0,0.0,1.0,0.0,0.0,0.0,0.0,0.0,0.0,0.0,0.0,KIR,"International tourism, number of arrivals",ST.INT.ARVL,4700.0,3900.0,3900.0,4700.0,5300.0,4900.0,5900.0,5000.0,3900.0,5700.0,5800.0,7100.0,60800.0
St. Kitts and Nevis,0,0,0,0,0,0,0,0,0,0,0,0,0,KNA,"International tourism, number of arrivals",ST.INT.ARVL,123000.0,128000.0,83000.0,98000.0,104000.0,104000.0,107000.0,113000.0,118000.0,116000.0,115000.0,125000.0,1334000.0
"Korea, Rep.",16.0,1.0,0.0,1.0,1.0,0.0,0.0,0.0,1.0,1.0,0.0,0.0,1.0,KOR,"International tourism, number of arrivals",ST.INT.ARVL,6448000.0,6891000.0,7818000.0,8798000.0,9795000.0,11140000.0,12176000.0,14202000.0,13232000.0,17242000.0,13336000.0,15347000.0,136425000.0
Kuwait,0,0,0,0,0,0,0,0,0,0,0,0,0,KWT,"International tourism, number of arrivals",ST.INT.ARVL,4482000.0,4736000.0,5088000.0,5208000.0,5574000.0,5729000.0,6217000.0,6528000.0,6941000.0,7055000.0,7407000.0,8508000.0,73473000.0
Lao PDR,3.0,0.0,0.0,0.0,0.0,0.0,0.0,0.0,0.0,0.0,0.0,0.0,0.0,LAO,"International tourism, number of arrivals",ST.INT.ARVL,1142000.0,1295000.0,1239000.0,1670000.0,1894000.0,2291000.0,2700000.0,3164000.0,3543000.0,3315000.0,3257000.0,3770000.0,29280000.0
Lebanon,6.0,0.0,0.0,0.0,0.0,0.0,0.0,0.0,0.0,0.0,0.0,0.0,0.0,LBN,"International tourism, number of arrivals",ST.INT.ARVL,1017000.0,1333000.0,1844000.0,2168000.0,1655000.0,1366000.0,1274000.0,1355000.0,1518000.0,1688000.0,1857000.0,1964000.0,19039000.0
Liberia,0,0,0,0,0,0,0,0,0,0,0,0,0,LBR,"International tourism, number of arrivals",ST.INT.ARVL,0.0,0.0,0.0,0.0,0.0,0.0,0.0,0.0,0.0,0.0,0.0,0.0,0.0
Libya,5.0,0.0,0.0,0.0,0.0,0.0,0.0,0.0,0.0,0.0,0.0,0.0,0.0,LBY,"International tourism, number of arrivals",ST.INT.ARVL,0.0,0.0,0.0,0.0,0.0,0.0,0.0,0.0,0.0,0.0,0.0,0.0,0.0
St. Lucia,0,0,0,0,0,0,0,0,0,0,0,0,0,LCA,"International tourism, number of arrivals",ST.INT.ARVL,287000.0,296000.0,278000.0,306000.0,312000.0,307000.0,319000.0,338000.0,345000.0,348000.0,386000.0,395000.0,3917000.0
Liechtenstein,0,0,0,0,0,0,0,0,0,0,0,0,0,LIE,"International tourism, number of arrivals",ST.INT.ARVL,72800.0,72900.0,66500.0,64300.0,67000.0,62400.0,59600.0,61300.0,56700.0,69100.0,79300.0,85300.0,817200.0
Sri Lanka,8.0,0.0,0.0,0.0,1.0,0.0,0.0,0.0,0.0,0.0,0.0,0.0,0.0,LKA,"International tourism, number of arrivals",ST.INT.ARVL,494000.0,438000.0,448000.0,654000.0,856000.0,1006000.0,1275000.0,1527000.0,1798000.0,2051000.0,2116400.0,2334000.0,14997400.0
Lesotho,1.0,0.0,0.0,0.0,0.0,0.0,0.0,0.0,0.0,0.0,0.0,0.0,0.0,LSO,"International tourism, number of arrivals",ST.INT.ARVL,300000.0,293000.0,344000.0,426000.0,398000.0,423000.0,433000.0,1079000.0,1082000.0,1196000.0,1137000.0,1173000.0,8284000.0
Lithuania,5.0,0.0,0.0,0.0,0.0,0.0,0.0,0.0,0.0,0.0,0.0,0.0,0.0,LTU,"International tourism, number of arrivals",ST.INT.ARVL,1486000.0,1611000.0,1341000.0,1507000.0,1775000.0,1900000.0,2012000.0,2063000.0,2071000.0,2296000.0,2523000.0,2825000.0,23410000.0
Luxembourg,1.0,0.0,0.0,0.0,0.0,0.0,0.0,0.0,0.0,0.0,0.0,0.0,0.0,LUX,"International tourism, number of arrivals",ST.INT.ARVL,914000.0,877000.0,847000.0,805000.0,874000.0,950000.0,945000.0,1038000.0,1090000.0,1054000.0,1046000.0,1018000.0,11458000.0
Latvia,3.0,0.0,0.0,0.0,0.0,0.0,0.0,0.0,0.0,0.0,0.0,0.0,0.0,LVA,"International tourism, number of arrivals",ST.INT.ARVL,1653000.0,1684000.0,1323000.0,1373000.0,1493000.0,1435000.0,1536000.0,1843000.0,2024000.0,1793000.0,1949000.0,1946000.0,20052000.0
"Macao SAR, China",0,0,0,0,0,0,0,0,0,0,0,0,0,MAC,"International tourism, number of arrivals",ST.INT.ARVL,12945000.0,10610000.0,10402000.0,11926000.0,12925000.0,13577000.0,14268000.0,14566000.0,14308000.0,15703600.0,17255000.0,18493000.0,166978600.0
Morocco,9.0,0.0,0.0,0.0,0.0,0.0,1.0,0.0,0.0,0.0,0.0,0.0,0.0,MAR,"International tourism, number of arrivals",ST.INT.ARVL,7408000.0,7879000.0,8341000.0,9288000.0,9342000.0,9375000.0,10046000.0,10283000.0,10177000.0,10332000.0,11349000.0,12289000.0,116109000.0
Monaco,0,0,0,0,0,0,0,0,0,0,0,0,0,MCO,"International tourism, number of arrivals",ST.INT.ARVL,328000.0,324000.0,265000.0,279000.0,295000.0,292000.0,328000.0,329000.0,331000.0,336000.0,355000.0,347000.0,3809000.0
Moldova,1.0,0.0,0.0,0.0,0.0,0.0,0.0,0.0,0.0,0.0,0.0,0.0,0.0,MDA,"International tourism, number of arrivals",ST.INT.ARVL,70000.0,73000.0,60000.0,64000.0,75000.0,89000.0,95600.0,93900.0,94400.0,121000.0,145000.0,160000.0,1140900.0
Madagascar,3.0,1.0,0.0,0.0,0.0,0.0,0.0,0.0,0.0,0.0,0.0,0.0,0.0,MDG,"International tourism, number of arrivals",ST.INT.ARVL,344000.0,375000.0,163000.0,196000.0,225000.0,256000.0,196000.0,222000.0,244000.0,293000.0,255000.0,291000.0,3060000.0
Maldives,0,0,0,0,0,0,0,0,0,0,0,0,0,MDV,"International tourism, number of arrivals",ST.INT.ARVL,676000.0,683000.0,656000.0,792000.0,931000.0,958000.0,1125000.0,1205000.0,1234000.0,1286000.0,1390000.0,1484000.0,12420000.0
Mexico,35.0,1.0,1.0,0.0,1.0,0.0,0.0,1.0,0.0,1.0,1.0,0.0,1.0,MEX,"International tourism, number of arrivals",ST.INT.ARVL,21606000.0,22931000.0,22346000.0,23290000.0,23403000.0,23403000.0,24151000.0,29346000.0,32093000.0,35079000.0,39291000.0,41313000.0,338252000.0
Marshall Islands,1.0,0.0,0.0,0.0,1.0,0.0,0.0,0.0,0.0,0.0,0.0,0.0,0.0,MHL,"International tourism, number of arrivals",ST.INT.ARVL,7200.0,6000.0,5400.0,4600.0,4600.0,4600.0,0.0,4900.0,6300.0,5400.0,6000.0,6800.0,61800.0
North Macedonia,2.0,1.0,0.0,0.0,0.0,0.0,0.0,0.0,0.0,0.0,0.0,0.0,0.0,MKD,"International tourism, number of arrivals",ST.INT.ARVL,230000.0,255000.0,259000.0,262000.0,327000.0,351000.0,400000.0,425000.0,486000.0,510000.0,631000.0,707000.0,4843000.0
Mali,4.0,0.0,0.0,0.0,0.0,0.0,0.0,0.0,0.0,0.0,0.0,0.0,0.0,MLI,"International tourism, number of arrivals",ST.INT.ARVL,164000.0,0.0,0.0,0.0,0.0,32000.0,57000.0,53000.0,15000.0,41500.0,11000.0,14000.0,387500.0
Malta,3.0,0.0,0.0,0.0,0.0,0.0,0.0,0.0,0.0,0.0,0.0,0.0,0.0,MLT,"International tourism, number of arrivals",ST.INT.ARVL,1244000.0,1291000.0,1182000.0,1339000.0,1415000.0,1443000.0,1582000.0,1690000.0,1783000.0,1966000.0,2274000.0,2599000.0,19808000.0
Myanmar,2.0,0.0,0.0,0.0,0.0,0.0,0.0,0.0,1.0,0.0,0.0,0.0,0.0,MMR,"International tourism, number of arrivals",ST.INT.ARVL,716000.0,731000.0,763000.0,792000.0,816000.0,1059000.0,2044000.0,3081000.0,4681000.0,2907000.0,3443000.0,3551000.0,24584000.0
Montenegro,4.0,0.0,0.0,0.0,0.0,0.0,0.0,0.0,0.0,0.0,1.0,1.0,0.0,MNE,"International tourism, number of arrivals",ST.INT.ARVL,984000.0,1031000.0,1044000.0,1088000.0,1201000.0,1264000.0,1324000.0,1350000.0,1560000.0,1662000.0,1877000.0,2077000.0,16462000.0
Mongolia,6.0,0.0,0.0,0.0,0.0,1.0,0.0,0.0,0.0,1.0,0.0,1.0,0.0,MNG,"International tourism, number of arrivals",ST.INT.ARVL,452000.0,446000.0,412000.0,456000.0,460000.0,476000.0,418000.0,393000.0,386000.0,404000.0,469000.0,529000.0,5301000.0
Northern Mariana Islands,0,0,0,0,0,0,0,0,0,0,0,0,0,MNP,"International tourism, number of arrivals",ST.INT.ARVL,385000.0,388000.0,345000.0,375000.0,336000.0,399000.0,436000.0,455000.0,475100.0,526000.0,656000.0,517000.0,5293100.0
Mozambique,1.0,0.0,0.0,0.0,0.0,0.0,0.0,0.0,0.0,0.0,0.0,0.0,0.0,MOZ,"International tourism, number of arrivals",ST.INT.ARVL,771000.0,1193000.0,1461000.0,1718000.0,1902000.0,2113000.0,1886000.0,1661000.0,1552000.0,1639000.0,1447000.0,2743000.0,20086000.0
Mauritania,2.0,0.0,0.0,0.0,0.0,0.0,0.0,0.0,0.0,0.0,0.0,0.0,0.0,MRT,"International tourism, number of arrivals",ST.INT.ARVL,0.0,0.0,0.0,0.0,0.0,0.0,0.0,0.0,0.0,0.0,0.0,0.0,0.0
Mauritius,2.0,0.0,1.0,0.0,0.0,0.0,0.0,0.0,0.0,0.0,0.0,0.0,0.0,MUS,"International tourism, number of arrivals",ST.INT.ARVL,907000.0,930000.0,871000.0,935000.0,965000.0,965000.0,993000.0,1038000.0,1151000.0,1275000.0,1342000.0,1399000.0,12771000.0
Malawi,2.0,0.0,0.0,0.0,0.0,0.0,0.0,0.0,0.0,0.0,0.0,0.0,0.0,MWI,"International tourism, number of arrivals",ST.INT.ARVL,735000.0,742000.0,755000.0,746000.0,767000.0,770000.0,795000.0,819000.0,805000.0,849000.0,837000.0,871000.0,9491000.0
Malaysia,4.0,0.0,1.0,0.0,0.0,0.0,1.0,0.0,0.0,0.0,0.0,0.0,0.0,MYS,"International tourism, number of arrivals",ST.INT.ARVL,20973000.0,22052000.0,23646000.0,24577000.0,24714000.0,25033000.0,25715000.0,27437000.0,25721000.0,26757000.0,25948000.0,25832000.0,298405000.0
Namibia,2.0,1.0,0.0,0.0,0.0,0.0,0.0,1.0,0.0,0.0,0.0,0.0,0.0,NAM,"International tourism, number of arrivals",ST.INT.ARVL,929000.0,931000.0,980000.0,984000.0,1027000.0,1079000.0,1176000.0,1320000.0,1388000.0,1469000.0,1499000.0,0.0,12782000.0
New Caledonia,0,0,0,0,0,0,0,0,0,0,0,0,0,NCL,"International tourism, number of arrivals",ST.INT.ARVL,103000.0,104000.0,99000.0,99000.0,112000.0,112000.0,108000.0,107000.0,114000.0,116000.0,121000.0,120000.0,1315000.0
Niger,3.0,0.0,0.0,0.0,0.0,0.0,0.0,1.0,0.0,0.0,0.0,0.0,0.0,NER,"International tourism, number of arrivals",ST.INT.ARVL,48000.0,73000.0,66000.0,74000.0,82000.0,94000.0,123000.0,135000.0,135000.0,152000.0,164000.0,157000.0,1303000.0
Nigeria,2.0,0.0,0.0,0.0,0.0,0.0,0.0,0.0,0.0,0.0,0.0,0.0,0.0,NGA,"International tourism, number of arrivals",ST.INT.ARVL,5239000.0,5820000.0,6053000.0,6113000.0,3765000.0,4673000.0,4038000.0,4803000.0,6017000.0,5265000.0,0.0,0.0,51786000.0
Nicaragua,2.0,0.0,0.0,0.0,0.0,1.0,0.0,0.0,0.0,0.0,0.0,0.0,0.0,NIC,"International tourism, number of arrivals",ST.INT.ARVL,800000.0,858000.0,932000.0,1011000.0,1060000.0,1180000.0,1229000.0,1330000.0,1386000.0,1504000.0,1787000.0,1256000.0,14333000.0
Netherlands,13.0,0.0,0.0,1.0,1.0,0.0,0.0,0.0,1.0,0.0,0.0,0.0,0.0,NLD,"International tourism, number of arrivals",ST.INT.ARVL,11008000.0,10104000.0,9921000.0,10883000.0,11300000.0,11680000.0,12783000.0,13925000.0,15007000.0,15828000.0,17924000.0,18780000.0,159143000.0
Norway,8.0,0.0,0.0,0.0,0.0,0.0,0.0,0.0,0.0,1.0,0.0,0.0,0.0,NOR,"International tourism, number of arrivals",ST.INT.ARVL,4377000.0,4347000.0,4346000.0,4767000.0,4963000.0,4538000.0,4778000.0,4855000.0,5361000.0,5960000.0,6252000.0,5688000.0,60232000.0
Nepal,4.0,0.0,0.0,0.0,0.0,0.0,0.0,0.0,0.0,0.0,0.0,0.0,0.0,NPL,"International tourism, number of arrivals",ST.INT.ARVL,527000.0,500000.0,510000.0,603000.0,736000.0,803000.0,798000.0,790000.0,539000.0,753000.0,940000.0,1173000.0,8672000.0
Nauru,0,0,0,0,0,0,0,0,0,0,0,0,0,NRU,"International tourism, number of arrivals",ST.INT.ARVL,0.0,0.0,0.0,0.0,0.0,0.0,0.0,0.0,0.0,0.0,0.0,0.0,0.0
New Zealand,3.0,0.0,0.0,0.0,0.0,0.0,0.0,0.0,0.0,0.0,0.0,0.0,0.0,NZL,"International tourism, number of arrivals",ST.INT.ARVL,2434000.0,2371000.0,2373000.0,2435000.0,2511000.0,2473000.0,2629000.0,2772000.0,3039000.0,3370000.0,3555000.0,3686000.0,33648000.0
Oman,5.0,0.0,0.0,0.0,0.0,0.0,0.0,0.0,0.0,0.0,0.0,0.0,1.0,OMN,"International tourism, number of arrivals",ST.INT.ARVL,1223000.0,1373000.0,1521000.0,1441000.0,1018000.0,1241000.0,1392000.0,1611000.0,1909000.0,2335000.0,2316000.0,2301000.0,19681000.0
Pakistan,6.0,0.0,0.0,0.0,0.0,0.0,0.0,0.0,0.0,0.0,0.0,0.0,0.0,PAK,"International tourism, number of arrivals",ST.INT.ARVL,840000.0,823000.0,855000.0,907000.0,1161000.0,966000.0,0.0,0.0,0.0,0.0,0.0,0.0,5552000.0
Panama,5.0,0.0,0.0,0.0,0.0,0.0,0.0,0.0,0.0,0.0,0.0,0.0,0.0,PAN,"International tourism, number of arrivals",ST.INT.ARVL,1103000.0,1247000.0,1200000.0,1324000.0,1473000.0,1606000.0,1658000.0,1745000.0,2110000.0,1921000.0,1843000.0,1785000.0,19015000.0
Peru,13.0,0.0,0.0,1.0,0.0,0.0,0.0,0.0,1.0,0.0,0.0,0.0,0.0,PER,"International tourism, number of arrivals",ST.INT.ARVL,1916000.0,2058000.0,2140000.0,2299000.0,2598000.0,2846000.0,3164000.0,3215000.0,3456000.0,3744000.0,4032000.0,4419000.0,35887000.0
Philippines,6.0,0.0,0.0,0.0,0.0,0.0,0.0,0.0,1.0,0.0,0.0,0.0,0.0,PHL,"International tourism, number of arrivals",ST.INT.ARVL,3092000.0,3139000.0,3017000.0,3520000.0,3917000.0,4273000.0,4681000.0,4833000.0,5361000.0,5967000.0,6621000.0,7168000.0,55589000.0
Palau,1.0,0.0,0.0,0.0,0.0,0.0,1.0,0.0,0.0,0.0,0.0,0.0,0.0,PLW,"International tourism, number of arrivals",ST.INT.ARVL,88000.0,81000.0,71000.0,85000.0,111000.0,120000.0,108000.0,140000.0,162000.0,138000.0,123000.0,106000.0,1333000.0
Papua New Guinea,1.0,0.0,1.0,0.0,0.0,0.0,0.0,0.0,0.0,0.0,0.0,0.0,0.0,PNG,"International tourism, number of arrivals",ST.INT.ARVL,104000.0,114000.0,121000.0,140000.0,158000.0,168000.0,174000.0,182000.0,183000.0,179000.0,139000.0,140000.0,1802000.0
Poland,17.0,1.0,0.0,0.0,0.0,0.0,0.0,1.0,0.0,0.0,0.0,1.0,0.0,POL,"International tourism, number of arrivals",ST.INT.ARVL,14975000.0,12960000.0,11890000.0,12470000.0,13350000.0,14840000.0,15800000.0,16000000.0,16728000.0,17471000.0,18258000.0,19622000.0,184364000.0
Puerto Rico,0,0,0,0,0,0,0,0,0,0,0,0,0,PRI,"International tourism, number of arrivals",ST.INT.ARVL,3687000.0,3716000.0,3183000.0,3186000.0,3048000.0,3069000.0,3172000.0,3246000.0,3542000.0,3736000.0,3513000.0,3068000.0,40166000.0
"Korea, Dem. Peopleâ€™s Rep.",0,0,0,0,0,0,0,0,0,0,0,0,0,PRK,"International tourism, number of arrivals",ST.INT.ARVL,0.0,0.0,0.0,0.0,0.0,0.0,0.0,0.0,0.0,0.0,0.0,0.0,0.0
Portugal,17.0,0.0,0.0,0.0,0.0,0.0,1.0,1.0,0.0,0.0,0.0,0.0,0.0,PRT,"International tourism, number of arrivals",ST.INT.ARVL,6788000.0,6962000.0,6439000.0,6756000.0,7264000.0,7503000.0,9177000.0,10497000.0,11723000.0,13359000.0,15432000.0,16186000.0,118086000.0
Paraguay,1.0,0.0,0.0,0.0,0.0,0.0,0.0,0.0,0.0,0.0,0.0,0.0,0.0,PRY,"International tourism, number of arrivals",ST.INT.ARVL,416000.0,428000.0,439000.0,465000.0,524000.0,579000.0,610000.0,649000.0,1215000.0,1308000.0,1584000.0,1181000.0,9398000.0
West Bank and Gaza,0,0,0,0,0,0,0,0,0,0,0,0,0,PSE,"International tourism, number of arrivals",ST.INT.ARVL,264000.0,387000.0,396000.0,522000.0,449000.0,490000.0,545000.0,556000.0,432000.0,400000.0,503000.0,606000.0,5550000.0
French Polynesia,0,0,0,0,0,0,0,0,0,0,0,0,0,PYF,"International tourism, number of arrivals",ST.INT.ARVL,218000.0,196000.0,160000.0,154000.0,163000.0,169000.0,164000.0,181000.0,184000.0,192000.0,199000.0,216300.0,2196300.0
Qatar,1.0,0.0,0.0,0.0,0.0,0.0,0.0,1.0,0.0,0.0,0.0,0.0,0.0,QAT,"International tourism, number of arrivals",ST.INT.ARVL,0.0,0.0,1481600.0,1699500.0,2056700.0,2323500.0,2611900.0,2839200.0,2941100.0,2938200.0,2256500.0,1819300.0,22967500.0
Romania,9.0,1.0,0.0,0.0,0.0,0.0,0.0,0.0,0.0,0.0,0.0,0.0,0.0,ROU,"International tourism, number of arrivals",ST.INT.ARVL,7722000.0,8862000.0,7575000.0,7498000.0,7611000.0,7937000.0,8019000.0,8442000.0,9331000.0,10223000.0,10926000.0,11720000.0,105866000.0
Russian Federation,31.0,0.0,0.0,0.0,1.0,0.0,1.0,0.0,1.0,0.0,0.0,1.0,0.0,RUS,"International tourism, number of arrivals",ST.INT.ARVL,22909000.0,23676000.0,21339000.0,22281000.0,24932000.0,28177000.0,30792000.0,32421000.0,33729000.0,24571000.0,24390000.0,24551000.0,313768000.0
Rwanda,2.0,0.0,0.0,0.0,0.0,0.0,0.0,0.0,0.0,0.0,0.0,0.0,0.0,RWA,"International tourism, number of arrivals",ST.INT.ARVL,566000.0,507000.0,502000.0,504000.0,688000.0,815000.0,864000.0,926000.0,987000.0,932000.0,0.0,0.0,7291000.0
Saudi Arabia,7.0,0.0,1.0,0.0,1.0,0.0,0.0,0.0,1.0,1.0,0.0,0.0,1.0,SAU,"International tourism, number of arrivals",ST.INT.ARVL,11531000.0,14757000.0,10897000.0,10850000.0,14179000.0,16332000.0,15772000.0,18260000.0,17994000.0,18044000.0,16109000.0,15334000.0,180059000.0
Sudan,3.0,0.0,0.0,0.0,0.0,1.0,0.0,0.0,0.0,0.0,1.0,0.0,0.0,SDN,"International tourism, number of arrivals",ST.INT.ARVL,436000.0,440000.0,420000.0,495000.0,536000.0,575000.0,591000.0,684000.0,741000.0,800000.0,813000.0,836000.0,7367000.0
Senegal,7.0,0.0,0.0,0.0,0.0,1.0,1.0,0.0,0.0,0.0,0.0,0.0,0.0,SEN,"International tourism, number of arrivals",ST.INT.ARVL,875000.0,867000.0,810000.0,900000.0,968000.0,962000.0,1063000.0,963000.0,1006600.0,1210000.0,1365000.0,0.0,10989600.0
Singapore,1.0,0.0,0.0,0.0,0.0,0.0,0.0,0.0,0.0,1.0,0.0,0.0,0.0,SGP,"International tourism, number of arrivals",ST.INT.ARVL,7957000.0,7778000.0,7488000.0,9161000.0,10390000.0,11098000.0,11899000.0,11864000.0,12051000.0,12913000.0,13903000.0,14673000.0,131175000.0
Solomon Islands,1.0,0.0,0.0,0.0,0.0,0.0,0.0,0.0,0.0,0.0,0.0,0.0,0.0,SLB,"International tourism, number of arrivals",ST.INT.ARVL,13700.0,16300.0,18300.0,20500.0,22900.0,23900.0,24400.0,20100.0,21600.0,23200.0,25700.0,27900.0,258500.0
Sierra Leone,0,0,0,0,0,0,0,0,0,0,0,0,0,SLE,"International tourism, number of arrivals",ST.INT.ARVL,32200.0,36000.0,37000.0,39000.0,52000.0,60000.0,81000.0,44000.0,24000.0,55000.0,51000.0,57000.0,568200.0
El Salvador,1.0,0.0,0.0,0.0,0.0,0.0,0.0,0.0,0.0,0.0,0.0,0.0,0.0,SLV,"International tourism, number of arrivals",ST.INT.ARVL,1339000.0,1385000.0,1091000.0,1150000.0,1184000.0,1255000.0,1283000.0,1345000.0,1402000.0,1434000.0,1556000.0,1677300.0,16101300.0
San Marino,1.0,0.0,1.0,0.0,0.0,0.0,0.0,0.0,0.0,0.0,0.0,0.0,0.0,SMR,"International tourism, number of arrivals",ST.INT.ARVL,69000.0,115000.0,151000.0,120000.0,156000.0,139000.0,71000.0,75000.0,54000.0,60000.0,78000.0,84000.0,1172000.0
Somalia,0,0,0,0,0,0,0,0,0,0,0,0,0,SOM,"International tourism, number of arrivals",ST.INT.ARVL,0.0,0.0,0.0,0.0,0.0,0.0,0.0,0.0,0.0,0.0,0.0,0.0,0.0
Serbia,5.0,1.0,0.0,0.0,0.0,0.0,0.0,0.0,0.0,0.0,1.0,0.0,0.0,SRB,"International tourism, number of arrivals",ST.INT.ARVL,696000.0,646000.0,645000.0,683000.0,764000.0,810000.0,922000.0,1029000.0,1132000.0,1281000.0,1497000.0,1711000.0,11816000.0
South Sudan,0,0,0,0,0,0,0,0,0,0,0,0,0,SSD,"International tourism, number of arrivals",ST.INT.ARVL,0.0,0.0,0.0,0.0,0.0,0.0,0.0,0.0,0.0,0.0,0.0,0.0,0.0
Sao Tome and Principe,0,0,0,0,0,0,0,0,0,0,0,0,0,STP,"International tourism, number of arrivals",ST.INT.ARVL,11800.0,14500.0,15200.0,8000.0,12200.0,0.0,0.0,0.0,25600.0,28900.0,28900.0,33400.0,178500.0
Suriname,3.0,0.0,0.0,0.0,0.0,0.0,0.0,0.0,0.0,0.0,0.0,0.0,0.0,SUR,"International tourism, number of arrivals",ST.INT.ARVL,167000.0,151000.0,151000.0,205000.0,220000.0,240000.0,249000.0,252000.0,228000.0,256000.0,278000.0,0.0,2397000.0
Slovak Republic,0,0,0,0,0,0,0,0,0,0,0,0,0,SVK,"International tourism, number of arrivals",ST.INT.ARVL,1685000.0,1767000.0,1298000.0,1327000.0,1460000.0,1528000.0,1670000.0,1475000.0,1721000.0,2027000.0,2162000.0,2256000.0,20376000.0
Slovenia,5.0,1.0,0.0,0.0,0.0,1.0,1.0,0.0,0.0,0.0,0.0,0.0,0.0,SVN,"International tourism, number of arrivals",ST.INT.ARVL,1751000.0,1958000.0,1824000.0,2049000.0,2236000.0,2377000.0,2502000.0,2675000.0,3022000.0,3397000.0,3991000.0,4425000.0,32207000.0
Sweden,15.0,0.0,0.0,0.0,0.0,0.0,1.0,0.0,0.0,0.0,0.0,0.0,0.0,SWE,"International tourism, number of arrivals",ST.INT.ARVL,5224000.0,4555000.0,4899000.0,5183000.0,5222000.0,5146000.0,5229000.0,5660000.0,6482000.0,6782000.0,7054000.0,7440000.0,68876000.0
Eswatini,0,0,0,0,0,0,0,0,0,0,0,0,0,SWZ,"International tourism, number of arrivals",ST.INT.ARVL,869000.0,756000.0,908000.0,868000.0,879000.0,888000.0,968000.0,939000.0,873000.0,947000.0,921000.0,782000.0,10598000.0
Sint Maarten (Dutch part),0,0,0,0,0,0,0,0,0,0,0,0,0,SXM,"International tourism, number of arrivals",ST.INT.ARVL,469000.0,475000.0,440000.0,443000.0,424000.0,457000.0,467000.0,500000.0,505000.0,528000.0,402000.0,178000.0,5288000.0
Seychelles,2.0,0.0,0.0,0.0,0.0,0.0,0.0,0.0,0.0,0.0,0.0,0.0,0.0,SYC,"International tourism, number of arrivals",ST.INT.ARVL,161000.0,159000.0,158000.0,175000.0,194000.0,208000.0,230000.0,233000.0,276000.0,303000.0,350000.0,362000.0,2809000.0
Syrian Arab Republic,6.0,0.0,0.0,0.0,0.0,1.0,0.0,0.0,0.0,0.0,0.0,0.0,0.0,SYR,"International tourism, number of arrivals",ST.INT.ARVL,4158000.0,5430000.0,6092000.0,8546000.0,5070000.0,0.0,0.0,0.0,0.0,0.0,0.0,0.0,29296000.0
Turks and Caicos Islands,0,0,0,0,0,0,0,0,0,0,0,0,0,TCA,"International tourism, number of arrivals",ST.INT.ARVL,265000.0,352000.0,351000.0,281000.0,354000.0,291700.0,290600.0,358000.0,386000.0,449000.0,416400.0,441000.0,4235700.0
Chad,2.0,0.0,0.0,0.0,0.0,0.0,1.0,0.0,0.0,0.0,1.0,0.0,0.0,TCD,"International tourism, number of arrivals",ST.INT.ARVL,77000.0,61000.0,70000.0,71000.0,77000.0,86000.0,97000.0,119000.0,120000.0,98000.0,87000.0,0.0,963000.0
Togo,1.0,0.0,0.0,0.0,0.0,0.0,0.0,0.0,0.0,0.0,0.0,0.0,0.0,TGO,"International tourism, number of arrivals",ST.INT.ARVL,86000.0,74000.0,150000.0,202000.0,300000.0,235000.0,327000.0,282000.0,273000.0,338000.0,514000.0,573000.0,3354000.0
Thailand,7.0,0.0,0.0,0.0,0.0,0.0,0.0,0.0,0.0,0.0,0.0,0.0,0.0,THA,"International tourism, number of arrivals",ST.INT.ARVL,14464000.0,14584000.0,14150000.0,15936000.0,19230000.0,22354000.0,26547000.0,24810000.0,29923000.0,32530000.0,35592000.0,38178000.0,288298000.0
Tajikistan,4.0,0.0,0.0,0.0,1.0,0.0,0.0,1.0,0.0,0.0,0.0,0.0,0.0,TJK,"International tourism, number of arrivals",ST.INT.ARVL,0.0,325000.0,207000.0,160000.0,183000.0,244000.0,208000.0,213000.0,414000.0,344000.0,431000.0,1035000.0,3764000.0
Turkmenistan,5.0,1.0,0.0,0.0,0.0,0.0,0.0,0.0,0.0,0.0,0.0,0.0,0.0,TKM,"International tourism, number of arrivals",ST.INT.ARVL,8200.0,0.0,0.0,0.0,0.0,0.0,0.0,0.0,0.0,0.0,0.0,0.0,8200.0
Timor-Leste,0,0,0,0,0,0,0,0,0,0,0,0,0,TLS,"International tourism, number of arrivals",ST.INT.ARVL,22000.0,36000.0,44000.0,40000.0,51000.0,58000.0,79000.0,60000.0,62000.0,66000.0,74000.0,75000.0,667000.0
Tonga,0,0,0,0,0,0,0,0,0,0,0,0,0,TON,"International tourism, number of arrivals",ST.INT.ARVL,46000.0,50000.0,45700.0,47100.0,46000.0,47400.0,48200.0,50400.0,53800.0,59100.0,62500.0,54000.0,610200.0
Trinidad and Tobago,0,0,0,0,0,0,0,0,0,0,0,0,0,TTO,"International tourism, number of arrivals",ST.INT.ARVL,449000.0,437000.0,419000.0,388000.0,431000.0,455000.0,434000.0,412000.0,440000.0,409000.0,395000.0,375000.0,5044000.0
Tunisia,9.0,0.0,0.0,0.0,0.0,0.0,0.0,0.0,0.0,0.0,0.0,0.0,0.0,TUN,"International tourism, number of arrivals",ST.INT.ARVL,6762000.0,7050000.0,7797000.0,7828000.0,5746000.0,6999000.0,7352000.0,7163000.0,5359000.0,5724000.0,7052000.0,8299000.0,83131000.0
Turkey,21.0,0.0,0.0,0.0,0.0,1.0,1.0,0.0,1.0,1.0,1.0,1.0,1.0,TUR,"International tourism, number of arrivals",ST.INT.ARVL,26122000.0,29792000.0,30187000.0,31364000.0,34654000.0,35698000.0,37795000.0,39811000.0,39478000.0,30289000.0,37601000.0,45768000.0,418559000.0
Tuvalu,0,0,0,0,0,0,0,0,0,0,0,0,0,TUV,"International tourism, number of arrivals",ST.INT.ARVL,1100.0,1700.0,1600.0,1700.0,1200.0,1100.0,1300.0,1400.0,2400.0,2500.0,2500.0,2700.0,21200.0
Tanzania,7.0,0.0,0.0,0.0,0.0,0.0,0.0,0.0,0.0,0.0,0.0,0.0,0.0,TZA,"International tourism, number of arrivals",ST.INT.ARVL,692000.0,750000.0,695000.0,754000.0,843000.0,1043000.0,1063000.0,1113000.0,1104000.0,1233000.0,1275000.0,1378000.0,11943000.0
Uganda,3.0,0.0,0.0,0.0,0.0,0.0,0.0,0.0,0.0,0.0,0.0,0.0,0.0,UGA,"International tourism, number of arrivals",ST.INT.ARVL,642000.0,844000.0,807000.0,946000.0,1151000.0,1197000.0,1206000.0,1266000.0,1303000.0,1323000.0,1402000.0,0.0,12087000.0
Ukraine,8.0,1.0,0.0,0.0,0.0,1.0,0.0,1.0,0.0,0.0,0.0,0.0,0.0,UKR,"International tourism, number of arrivals",ST.INT.ARVL,23122000.0,25449000.0,20798000.0,21203000.0,21415000.0,23013000.0,24671000.0,12712000.0,12428000.0,13333000.0,14230000.0,14104000.0,226478000.0
Uruguay,3.0,0.0,0.0,0.0,0.0,0.0,0.0,0.0,0.0,1.0,0.0,0.0,0.0,URY,"International tourism, number of arrivals",ST.INT.ARVL,1753000.0,1938000.0,2055000.0,2353000.0,2857000.0,2695000.0,2683000.0,2682000.0,2773000.0,3037000.0,3674000.0,3469000.0,31969000.0
United States,25.0,0.0,0.0,0.0,1.0,0.0,0.0,0.0,1.0,1.0,0.0,0.0,0.0,USA,"International tourism, number of arrivals",ST.INT.ARVL,56135000.0,58007000.0,55103000.0,60010000.0,63477410.0,66966900.0,71642910.0,75379350.0,77773520.0,76407480.0,77186740.0,79745920.0,817835230.0
Uzbekistan,7.0,0.0,0.0,0.0,0.0,0.0,0.0,0.0,0.0,0.0,1.0,0.0,0.0,UZB,"International tourism, number of arrivals",ST.INT.ARVL,903000.0,1069000.0,1215000.0,975000.0,1393000.0,1895000.0,1969000.0,1862000.0,1918000.0,2027000.0,2690000.0,5346000.0,23262000.0
St. Vincent and the Grenadines,0,0,0,0,0,0,0,0,0,0,0,0,0,VCT,"International tourism, number of arrivals",ST.INT.ARVL,90000.0,84000.0,75000.0,72000.0,74000.0,74000.0,72000.0,71000.0,75000.0,79000.0,76000.0,80000.0,922000.0
"Venezuela, RB",3.0,0.0,0.0,0.0,0.0,0.0,0.0,0.0,0.0,0.0,0.0,0.0,0.0,VEN,"International tourism, number of arrivals",ST.INT.ARVL,756000.0,699000.0,562000.0,526000.0,595000.0,988000.0,986000.0,857000.0,789000.0,601000.0,427000.0,0.0,7786000.0
British Virgin Islands,0,0,0,0,0,0,0,0,0,0,0,0,0,VGB,"International tourism, number of arrivals",ST.INT.ARVL,358000.0,346000.0,309000.0,330000.0,338000.0,351000.0,366000.0,386000.0,393000.0,408000.0,335000.0,192000.0,4112000.0
Virgin Islands (U.S.),0,0,0,0,0,0,0,0,0,0,0,0,0,VIR,"International tourism, number of arrivals",ST.INT.ARVL,587000.0,574000.0,563000.0,572000.0,567000.0,619000.0,590000.0,615000.0,642000.0,667000.0,535000.0,381000.0,6912000.0
Vietnam,8.0,0.0,0.0,0.0,1.0,1.0,0.0,0.0,1.0,0.0,0.0,0.0,0.0,VNM,"International tourism, number of arrivals",ST.INT.ARVL,4229000.0,4236000.0,3747000.0,5050000.0,6014000.0,6848000.0,7572000.0,7874000.0,7944000.0,10013000.0,12922000.0,15498000.0,91947000.0
Vanuatu,1.0,0.0,1.0,0.0,0.0,0.0,0.0,0.0,0.0,0.0,0.0,0.0,0.0,VUT,"International tourism, number of arrivals",ST.INT.ARVL,81000.0,90500.0,100700.0,97200.0,94000.0,108200.0,110000.0,109000.0,90000.0,95100.0,109000.0,116000.0,1200700.0
Samoa,0,0,0,0,0,0,0,0,0,0,0,0,0,WSM,"International tourism, number of arrivals",ST.INT.ARVL,117000.0,118000.0,122000.0,122000.0,121000.0,126000.0,116000.0,120400.0,128000.0,134000.0,146000.0,164000.0,1534400.0
Kosovo,0,0,0,0,0,0,0,0,0,0,0,0,0,XKX,"International tourism, number of arrivals",ST.INT.ARVL,0.0,0.0,0.0,0.0,0.0,0.0,0.0,0.0,0.0,0.0,0.0,0.0,0.0
"Yemen, Rep.",5.0,0.0,1.0,0.0,0.0,0.0,0.0,0.0,0.0,0.0,0.0,0.0,0.0,YEM,"International tourism, number of arrivals",ST.INT.ARVL,948000.0,1023000.0,1028000.0,1025000.0,829000.0,874000.0,990000.0,1017500.0,366700.0,0.0,0.0,0.0,8101200.0
South Africa,10.0,1.0,0.0,0.0,0.0,0.0,0.0,0.0,0.0,0.0,0.0,1.0,1.0,ZAF,"International tourism, number of arrivals",ST.INT.ARVL,9091000.0,9592000.0,7012000.0,8074000.0,8339000.0,9188000.0,9537000.0,9549000.0,8904000.0,10044000.0,10285000.0,10472000.0,110087000.0
Zambia,1.0,0.0,0.0,0.0,0.0,0.0,0.0,0.0,0.0,0.0,0.0,0.0,0.0,ZMB,"International tourism, number of arrivals",ST.INT.ARVL,897000.0,812000.0,710000.0,815000.0,920000.0,859000.0,915000.0,947000.0,932000.0,956000.0,1083000.0,1072000.0,10918000.0
Zimbabwe,5.0,0.0,0.0,0.0,0.0,0.0,0.0,0.0,0.0,0.0,0.0,0.0,0.0,ZWE,"International tourism, number of arrivals",ST.INT.ARVL,2506000.0,1956000.0,2017000.0,2239000.0,2423000.0,1794000.0,1833000.0,1880000.0,2057000.0,2168000.0,2423000.0,2580000.0,25876000.0
